<?xml version="1.0" encoding="UTF-8" standalone="yes"?>
<addon id="repository.electra" name="Electra Project" version="1.0.0" provider-name="Diablo">
	<extension point="xbmc.addon.repository" name="electra Repository">
		<dir>
			<info compressed="false">https://raw.githubusercontent.com/noobsandnerds/modules4all/master/zips/addons.xml</info>
			<checksum>https://raw.githubusercontent.com/noobsandnerds/modules4all/master/zips/addons.xml.md5</checksum>
			<datadir zip="true">https://raw.githubusercontent.com/noobsandnerds/modules4all/master/zips/</datadir>
		</dir>
		<info compressed="false">https://raw.githubusercontent.com/shangone/repository.electra/master/zips/addons.xml</info>
		<checksum>https://raw.githubusercontent.com/shangone/repository.electra/master/zips/addons.xml.md5</checksum>
		<datadir zip="true">https://raw.githubusercontent.com/shangone/repository.electra/master/zips/</datadir>
	</extension>
	<extension point="xbmc.addon.metadata">
		<summary lang="en">electra repo</summary>
		<description lang="en">Diablo project</description>
		<genre></genre>
	</extension>
</addon>